scenario,anchor_group,ngl_site,match_level,anchor_latitude,anchor_longitude,anchor_epicenter_distance_km,shakemap_anchor_distance_km,ShakeMap_lookup_quality,ShakeMap_PGA_g,historical_records,historical_unique_sites,historical_L_rate,historical_evidence_strength,historical_outcome,historical_PGA_mean,historical_PGA_min,historical_PGA_max,PGA_comparison,historical_Mw_min,historical_Mw_max,historical_magnitude_context,review_evidence_level,review_note
Kobe,Port Island,Port Island,AREA_ANCHOR,34.673385,135.205767,19.904,0.9144553605861084,HIGH,0.7408182206817179,16,16,0.5,LARGE,MIXED_HISTORICAL_OUTCOMES,0.42125,0.3,0.5,CURRENT_PGA_ABOVE_HISTORICAL_RANGE,7.0,7.0,7.0–7.0,MIXED_HISTORICAL_EVIDENCE,Historical evidence is mixed; review site-specific context.
Kobe,Port Island,Port Island Site I,AREA_ANCHOR,34.676456,135.206203,20.112,0.9521175563765542,HIGH,0.7710515858035663,16,16,0.5,LARGE,MIXED_HISTORICAL_OUTCOMES,0.42125,0.3,0.5,CURRENT_PGA_ABOVE_HISTORICAL_RANGE,7.0,7.0,7.0–7.0,MIXED_HISTORICAL_EVIDENCE,Historical evidence is mixed; review site-specific context.
Kobe,Nishinomiya,Nishinomiya-hama,AREA_ANCHOR,34.716105,135.333039,32.396,0.0680021964266282,HIGH,0.6126263941844161,23,23,1.0,LARGE,MOST_HISTORICAL_CASES_LIQUEFIED,0.5521739130434782,0.4,0.6,CURRENT_PGA_ABOVE_HISTORICAL_RANGE,7.0,7.0,7.0–7.0,STRONG_HISTORICAL_SUPPORT,Historical case records provide supporting context for further review.
Niigata-Chuetsu,Kawagishi-cho,Kawagishi-cho,STRONG_SITE_ANCHOR,37.910429,139.027858,79.203,0.8436792101542945,HIGH,0.0982735856043615,1,1,1.0,VERY_SMALL,MOST_HISTORICAL_CASES_LIQUEFIED,0.18,0.18,0.18,CURRENT_PGA_BELOW_HISTORICAL_RANGE,7.5,7.5,7.5–7.5,LIMITED_HISTORICAL_EVIDENCE,Historical sample is very small; treat as contextual evidence only.
Niigata-Chuetsu,Showa Bridge,"Site E (Showa Bridge, Left Bank)",STRONG_SITE_ANCHOR,37.91378,139.04203,79.914,0.7693221464588571,HIGH,0.1022842067155374,1,1,0.0,VERY_SMALL,MOST_HISTORICAL_CASES_DID_NOT_LIQUEFY,0.18,0.18,0.18,CURRENT_PGA_BELOW_HISTORICAL_RANGE,7.5,7.5,7.5–7.5,LIMITED_HISTORICAL_EVIDENCE,Historical sample is very small; treat as contextual evidence only.
Niigata-Chuetsu,Showa Bridge,"Site F (Showa Bridge, Right Bank)",STRONG_SITE_ANCHOR,37.91038,139.04288,79.574,0.937445308097838,HIGH,0.1022842067155374,1,1,0.0,VERY_SMALL,MOST_HISTORICAL_CASES_DID_NOT_LIQUEFY,0.18,0.18,0.18,CURRENT_PGA_BELOW_HISTORICAL_RANGE,7.5,7.5,7.5–7.5,LIMITED_HISTORICAL_EVIDENCE,Historical sample is very small; treat as contextual evidence only.
Tohoku-Oki,Aomori,Aomori Railway Station,STRONG_SITE_ANCHOR,40.828947,140.734833,314.602,0.5037944796078587,HIGH,0.0497870683678639,1,1,1.0,VERY_SMALL,MOST_HISTORICAL_CASES_LIQUEFIED,0.12,0.12,0.12,CURRENT_PGA_BELOW_HISTORICAL_RANGE,7.7,7.7,7.7–7.7,LIMITED_HISTORICAL_EVIDENCE,Historical sample is very small; treat as contextual evidence only.
Tohoku-Oki,Takeda,Takeda Elementary School,EXACT,40.93431,140.415037,337.803,1.2678309432850767,GOOD,0.0459592566490442,1,1,1.0,VERY_SMALL,MOST_HISTORICAL_CASES_LIQUEFIED,0.12,0.12,0.12,CURRENT_PGA_BELOW_HISTORICAL_RANGE,7.0,7.0,7.0–7.0,LIMITED_HISTORICAL_EVIDENCE,Historical sample is very small; treat as contextual evidence only.
Tohoku-Oki,Arahama,"Arahama (A-9, Sewage Plant)",STRONG_SITE_ANCHOR,38.04258,140.919003,130.217,1.6224135715127803,GOOD,0.5272924240430485,2,1,1.0,VERY_SMALL,MOST_HISTORICAL_CASES_LIQUEFIED,0.3,0.2,0.4,CURRENT_PGA_ABOVE_HISTORICAL_RANGE,7.4,7.4,7.4–7.4,LIMITED_HISTORICAL_EVIDENCE,Historical sample is very small; treat as contextual evidence only.
Tohoku-Oki,Yuriage,Yuriagekami,AREA_ANCHOR,38.189551,140.934866,126.16,1.1695720601125916,GOOD,0.6570468198150567,7,3,0.5714285714285714,LIMITED,MIXED_HISTORICAL_OUTCOMES,0.2485714285714285,0.12,0.4,CURRENT_PGA_ABOVE_HISTORICAL_RANGE,6.7,7.4,6.7–7.4,LIMITED_HISTORICAL_EVIDENCE,Historical evidence is mixed; review site-specific context.
Tohoku-Oki,Yuriage,Yuriage Bridge,STRONG_SITE_ANCHOR,38.182134,140.946729,125.217,2.080672604728598,GOOD,0.5769498103804866,7,3,0.5714285714285714,LIMITED,MIXED_HISTORICAL_OUTCOMES,0.2485714285714285,0.12,0.4,CURRENT_PGA_ABOVE_HISTORICAL_RANGE,6.7,7.4,6.7–7.4,LIMITED_HISTORICAL_EVIDENCE,Historical evidence is mixed; review site-specific context.
