earthquake_id,location_name,latitude,longitude,magnitude,P1_ground_failure_score,mean_P2_liquefaction_model_score,max_P2_liquefaction_model_score,spatial_evidence_available,spatial_anchor_count,spatial_historical_records,spatial_mean_ShakeMap_PGA,spatial_mean_historical_L_rate,infrastructure_count,nearest_infrastructure_distance_km,review_context,explanation
official20110311054624120_30,"Tohoku-Oki, Japan",38.297,142.373,9.1,0.41081144168098493,0.7344100412193022,0.9426211152017505,True,5.0,18.0,0.3714070758511,0.8285714285714285,2,,SPATIAL EVIDENCE AVAILABLE FOR REVIEW,"Tohoku-Oki, Japan: P1 ground-failure model score is 0.411. P2 liquefaction model score is 0.734. Verified spatial evidence is available for review. 5 mapped anchors and 18 historical records are represented. Mean current ShakeMap PGA across the anchors is 0.371 g. Historical liquefaction outcome rate across the matched evidence is 0.829. Mapped infrastructure query returned 2 features. These outputs are screening indicators and review context, not calibrated probabilities, damage estimates, or automatic alerts."
us1000gda5,"1 km S of Belanting, Indonesia",-8.319,116.627,6.9,0.3741468024664121,0.5959997483413225,0.9567399668442331,False,,,,,4,,NO VERIFIED SPATIAL EVIDENCE IN CURRENT PROTOTYPE,"1 km S of Belanting, Indonesia: P1 ground-failure model score is 0.374. P2 liquefaction model score is 0.596. No verified spatial evidence is available for this scenario in the current prototype. Mapped infrastructure query returned 4 features. These outputs are screening indicators and review context, not calibrated probabilities, damage estimates, or automatic alerts."
us1000h3p4,"70km N of Palu, Indonesia",-0.256,119.846,7.5,0.5013594251350907,0.4439436638797106,0.9689919962227643,False,,,,,4,,NO VERIFIED SPATIAL EVIDENCE IN CURRENT PROTOTYPE,"70km N of Palu, Indonesia: P1 ground-failure model score is 0.501. P2 liquefaction model score is 0.444. No verified spatial evidence is available for this scenario in the current prototype. Mapped infrastructure query returned 4 features. These outputs are screening indicators and review context, not calibrated probabilities, damage estimates, or automatic alerts."
us2000d7q6,"32 km SW of Tari, Papua New Guinea",-6.07,142.754,7.5,0.48653083797944546,0.4439436638797106,0.9689919962227643,False,,,,,0,,NO VERIFIED SPATIAL EVIDENCE IN CURRENT PROTOTYPE,"32 km SW of Tari, Papua New Guinea: P1 ground-failure model score is 0.487. P2 liquefaction model score is 0.444. No verified spatial evidence is available for this scenario in the current prototype. Mapped infrastructure query returned 0 features. These outputs are screening indicators and review context, not calibrated probabilities, damage estimates, or automatic alerts."
us70006qp1,"9 km NW of Mesetas, Colombia",3.45,-74.103,5.7,0.4137627560227286,0.6652423319885409,0.7921032232761742,False,,,,,2,,NO VERIFIED SPATIAL EVIDENCE IN CURRENT PROTOTYPE,"9 km NW of Mesetas, Colombia: P1 ground-failure model score is 0.414. P2 liquefaction model score is 0.665. No verified spatial evidence is available for this scenario in the current prototype. Mapped infrastructure query returned 2 features. These outputs are screening indicators and review context, not calibrated probabilities, damage estimates, or automatic alerts."
us70006vll,"M 6.4 - 13 km SSE of Maria Antonia, Puerto Rico",17.869,-66.827,6.4,0.3990062842434697,0.7465386685191262,0.9295843431807508,False,,,,,0,,NO VERIFIED SPATIAL EVIDENCE IN CURRENT PROTOTYPE,"M 6.4 - 13 km SSE of Maria Antonia, Puerto Rico: P1 ground-failure model score is 0.399. P2 liquefaction model score is 0.747. No verified spatial evidence is available for this scenario in the current prototype. Mapped infrastructure query returned 0 features. These outputs are screening indicators and review context, not calibrated probabilities, damage estimates, or automatic alerts."
usp0006rew,"Kobe, Japan",34.583,135.018,6.9,0.5767720791316253,0.5959997483413225,0.9567399668442331,True,3.0,55.0,0.7081654002232334,0.6666666666666666,4,,SPATIAL EVIDENCE AVAILABLE FOR REVIEW,"Kobe, Japan: P1 ground-failure model score is 0.577. P2 liquefaction model score is 0.596. Verified spatial evidence is available for review. 3 mapped anchors and 55 historical records are represented. Mean current ShakeMap PGA across the anchors is 0.708 g. Historical liquefaction outcome rate across the matched evidence is 0.667. Mapped infrastructure query returned 4 features. These outputs are screening indicators and review context, not calibrated probabilities, damage estimates, or automatic alerts."
usp000d6vk,"Niigata-Chuetsu, Japan",37.226,138.779,6.6,0.48584604425837263,0.5562076533972155,0.9591742483574254,True,3.0,3.0,0.1009473330118121,0.3333333333333333,0,,SPATIAL EVIDENCE AVAILABLE FOR REVIEW,"Niigata-Chuetsu, Japan: P1 ground-failure model score is 0.486. P2 liquefaction model score is 0.556. Verified spatial evidence is available for review. 3 mapped anchors and 3 historical records are represented. Mean current ShakeMap PGA across the anchors is 0.101 g. Historical liquefaction outcome rate across the matched evidence is 0.333. Mapped infrastructure query returned 0 features. These outputs are screening indicators and review context, not calibrated probabilities, damage estimates, or automatic alerts."
usp000e12e,"Kashmir, Pakistan",34.539,73.588,7.6,0.6921603572260212,0.4832112719991019,0.9651524192155612,False,,,,,4,,NO VERIFIED SPATIAL EVIDENCE IN CURRENT PROTOTYPE,"Kashmir, Pakistan: P1 ground-failure model score is 0.692. P2 liquefaction model score is 0.483. No verified spatial evidence is available for this scenario in the current prototype. Mapped infrastructure query returned 4 features. These outputs are screening indicators and review context, not calibrated probabilities, damage estimates, or automatic alerts."
