earthquake_id,location_name,earthquake_date,latitude,longitude,magnitude,P1_ground_failure_score,matched_P2_Mw,mean_P2_liquefaction_probability,max_P2_liquefaction_probability,p2_site_count,spatial_evidence_scenario,spatial_anchor_count,spatial_historical_records,spatial_mean_ShakeMap_PGA,spatial_mean_historical_L_rate,spatial_evidence_available
official20110311054624120_30,"Tohoku-Oki, Japan",2011-03-11,38.915,140.735,9.1,0.4721572465973336,9.1,0.7344100412193022,0.9426211152017505,7.0,Tohoku-Oki,5.0,18.0,0.3714070758511,0.8285714285714285,True
us1000gda5,"1 km S of Belanting, Indonesia",2018-08-19,-8.505,116.075,6.9,0.47943162704536746,6.9,0.5959997483413225,0.9567399668442331,194.0,,,,,,False
us1000gda5,"1 km S of Belanting, Indonesia",2018-08-19,-8.505,116.075,6.9,0.47943162704536746,6.9,0.5959997483413225,0.9567399668442331,194.0,,,,,,False
us1000gda5,"1 km S of Belanting, Indonesia",2018-08-19,-8.505,116.075,6.9,0.47943162704536746,6.9,0.5959997483413225,0.9567399668442331,194.0,,,,,,False
us1000gda5,"1 km S of Belanting, Indonesia",2018-08-19,-8.505,116.075,6.9,0.47943162704536746,6.9,0.5959997483413225,0.9567399668442331,194.0,,,,,,False
us1000gda5,"1 km S of Belanting, Indonesia",2018-08-19,-8.505,116.075,6.9,0.47943162704536746,6.9,0.5959997483413225,0.9567399668442331,194.0,,,,,,False
us1000gda5,"1 km S of Belanting, Indonesia",2018-08-19,-8.505,116.075,6.9,0.47943162704536746,6.9,0.5959997483413225,0.9567399668442331,194.0,,,,,,False
us1000h3p4,"70km N of Palu, Indonesia",2018-09-28,-0.795,119.695,7.5,0.5101549024477863,7.5,0.4439436638797106,0.9689919962227643,189.0,,,,,,False
us1000h3p4,"70km N of Palu, Indonesia",2018-09-28,-0.795,119.695,7.5,0.5101549024477863,7.5,0.4439436638797106,0.9689919962227643,189.0,,,,,,False
us1000h3p4,"70km N of Palu, Indonesia",2018-09-28,-0.795,119.695,7.5,0.5101549024477863,7.5,0.4439436638797106,0.9689919962227643,189.0,,,,,,False
us1000h3p4,"70km N of Palu, Indonesia",2018-09-28,-0.795,119.695,7.5,0.5101549024477863,7.5,0.4439436638797106,0.9689919962227643,189.0,,,,,,False
us1000h3p4,"70km N of Palu, Indonesia",2018-09-28,-0.795,119.695,7.5,0.5101549024477863,7.5,0.4439436638797106,0.9689919962227643,189.0,,,,,,False
us1000h3p4,"70km N of Palu, Indonesia",2018-09-28,-0.795,119.695,7.5,0.5101549024477863,7.5,0.4439436638797106,0.9689919962227643,189.0,,,,,,False
us2000d7q6,"32 km SW of Tari, Papua New Guinea",2018-02-25,-5.595,141.985,7.5,0.48954175847204656,7.5,0.4439436638797106,0.9689919962227643,189.0,,,,,,False
us2000d7q6,"32 km SW of Tari, Papua New Guinea",2018-02-25,-5.595,141.985,7.5,0.48954175847204656,7.5,0.4439436638797106,0.9689919962227643,189.0,,,,,,False
us2000d7q6,"32 km SW of Tari, Papua New Guinea",2018-02-25,-5.595,141.985,7.5,0.48954175847204656,7.5,0.4439436638797106,0.9689919962227643,189.0,,,,,,False
us2000d7q6,"32 km SW of Tari, Papua New Guinea",2018-02-25,-5.595,141.985,7.5,0.48954175847204656,7.5,0.4439436638797106,0.9689919962227643,189.0,,,,,,False
us2000d7q6,"32 km SW of Tari, Papua New Guinea",2018-02-25,-5.595,141.985,7.5,0.48954175847204656,7.5,0.4439436638797106,0.9689919962227643,189.0,,,,,,False
us2000d7q6,"32 km SW of Tari, Papua New Guinea",2018-02-25,-5.595,141.985,7.5,0.48954175847204656,7.5,0.4439436638797106,0.9689919962227643,189.0,,,,,,False
us70006qp1,"9 km NW of Mesetas, Colombia",2019-12-24,3.395,-74.255,5.7,0.5389438339975503,5.6,0.6652423319885409,0.7921032232761742,3.0,,,,,,False
us70006qp1,"9 km NW of Mesetas, Colombia",2019-12-24,3.395,-74.255,5.7,0.5389438339975503,5.6,0.6652423319885409,0.7921032232761742,3.0,,,,,,False
us70006qp1,"9 km NW of Mesetas, Colombia",2019-12-24,3.395,-74.255,5.7,0.5389438339975503,5.6,0.6652423319885409,0.7921032232761742,3.0,,,,,,False
us70006qp1,"9 km NW of Mesetas, Colombia",2019-12-24,3.395,-74.255,5.7,0.5389438339975503,5.6,0.6652423319885409,0.7921032232761742,3.0,,,,,,False
us70006qp1,"9 km NW of Mesetas, Colombia",2019-12-24,3.395,-74.255,5.7,0.5389438339975503,5.6,0.6652423319885409,0.7921032232761742,3.0,,,,,,False
us70006qp1,"9 km NW of Mesetas, Colombia",2019-12-24,3.395,-74.255,5.7,0.5389438339975503,5.6,0.6652423319885409,0.7921032232761742,3.0,,,,,,False
us70006vll,"M 6.4 - 13 km SSE of Maria Antonia, Puerto Rico",2020-01-07,18.295,-67.045,6.4,0.44468221171399547,6.4,0.7465386685191262,0.9295843431807508,30.0,,,,,,False
us70006vll,"M 6.4 - 13 km SSE of Maria Antonia, Puerto Rico",2020-01-07,18.295,-67.045,6.4,0.44468221171399547,6.4,0.7465386685191262,0.9295843431807508,30.0,,,,,,False
us70006vll,"M 6.4 - 13 km SSE of Maria Antonia, Puerto Rico",2020-01-07,18.295,-67.045,6.4,0.44468221171399547,6.4,0.7465386685191262,0.9295843431807508,30.0,,,,,,False
us70006vll,"M 6.4 - 13 km SSE of Maria Antonia, Puerto Rico",2020-01-07,18.295,-67.045,6.4,0.44468221171399547,6.4,0.7465386685191262,0.9295843431807508,30.0,,,,,,False
us70006vll,"M 6.4 - 13 km SSE of Maria Antonia, Puerto Rico",2020-01-07,18.295,-67.045,6.4,0.44468221171399547,6.4,0.7465386685191262,0.9295843431807508,30.0,,,,,,False
us70006vll,"M 6.4 - 13 km SSE of Maria Antonia, Puerto Rico",2020-01-07,18.295,-67.045,6.4,0.44468221171399547,6.4,0.7465386685191262,0.9295843431807508,30.0,,,,,,False
usp0006rew,"Kobe, Japan",1995-01-16,34.645,135.105,6.9,0.471420448852234,6.9,0.5959997483413225,0.9567399668442331,194.0,Kobe,3.0,55.0,0.7081654002232334,0.6666666666666666,True
usp000d6vk,"Niigata-Chuetsu, Japan",2004-10-23,37.265,138.785,6.6,0.44693730510878227,6.6,0.5562076533972155,0.9591742483574254,105.0,Niigata-Chuetsu,3.0,3.0,0.1009473330118121,0.3333333333333333,True
usp000e12e,"Kashmir, Pakistan",2005-10-08,34.265,73.295,7.6,0.5938018507565181,7.6,0.4832112719991019,0.9651524192155612,652.0,,,,,,False
usp000e12e,"Kashmir, Pakistan",2005-10-08,34.265,73.295,7.6,0.5938018507565181,7.6,0.4832112719991019,0.9651524192155612,652.0,,,,,,False
usp000e12e,"Kashmir, Pakistan",2005-10-08,34.265,73.295,7.6,0.5938018507565181,7.6,0.4832112719991019,0.9651524192155612,652.0,,,,,,False
usp000e12e,"Kashmir, Pakistan",2005-10-08,34.265,73.295,7.6,0.5938018507565181,7.6,0.4832112719991019,0.9651524192155612,652.0,,,,,,False
usp000e12e,"Kashmir, Pakistan",2005-10-08,34.265,73.295,7.6,0.5938018507565181,7.6,0.4832112719991019,0.9651524192155612,652.0,,,,,,False
usp000e12e,"Kashmir, Pakistan",2005-10-08,34.265,73.295,7.6,0.5938018507565181,7.6,0.4832112719991019,0.9651524192155612,652.0,,,,,,False
